<?xml version="1.0" encoding="UTF-8"?>
<project-private xmlns="http://www.netbeans.org/ns/project-private/1">
    <editor-bookmarks xmlns="http://www.netbeans.org/ns/editor-bookmarks/2" lastBookmarkId="0"/>
    <open-files xmlns="http://www.netbeans.org/ns/projectui-open-files/2">
        <group>
            <file>file:/D:/Nikoleta/City/Java/projects/Game/src/game/Level1.java</file>
            <file>file:/D:/Nikoleta/City/Java/projects/Game/src/game/Enemy.java</file>
            <file>file:/D:/Nikoleta/City/Java/projects/Game/src/game/Hero.java</file>
            <file>file:/D:/Nikoleta/City/Java/projects/Game/src/game/GameLevel.java</file>
            <file>file:/D:/Nikoleta/City/Java/projects/Game/src/game/Level2.java</file>
            <file>file:/D:/Nikoleta/City/Java/projects/Game/src/game/Game.java</file>
            <file>file:/D:/Nikoleta/City/Java/projects/Game/src/game/KillHero.java</file>
            <file>file:/D:/Nikoleta/City/Java/projects/Game/src/game/PickItUp.java</file>
            <file>file:/D:/Nikoleta/City/Java/projects/Game/src/game/Level3.java</file>
        </group>
    </open-files>
</project-private>
